{
   "data": [
      [
         {
            "bias": -0.23928257072407097,
            "weights": [
               0.5791188730760173,
               0.24542838610326195,
               0.08714168807704542,
               1.750517568165038
            ]
         },
         {
            "bias": 0.7901244283915586,
            "weights": [
               -0.5286677055450859,
               0.8358968518059817,
               0.0234065917252117,
               0.7728101104060748
            ]
         }
      ],
      [
         {
            "bias": -0.2922187212703081,
            "weights": [
               -0.14385387591258114,
               0.5070828102489402
            ]
         }
      ]
   ]
}