{
   "data": [
      [
         {
            "bias": -0.25538327526989546,
            "weights": [
               0.5791188730760173,
               0.2658623321570657,
               -0.14906519575258037,
               1.296218966074365
            ]
         },
         {
            "bias": 0.7740237238457341,
            "weights": [
               -0.5286677055450859,
               0.8563307978597854,
               -0.2128002921044141,
               0.3185115083154021
            ]
         }
      ],
      [
         {
            "bias": -0.3083194258161326,
            "weights": [
               -0.14385387591258114,
               0.5275167563027439
            ]
         }
      ]
   ]
}