{
   "data": [
      [
         {
            "bias": -0.08091282435765992,
            "weights": [
               -0.8599223699662978,
               0.896516709339177,
               0.09182719457246113,
               -0.7521337708910637
            ]
         }
      ]
   ]
}