{
   "data": [
      [
         {
            "bias": -0.08091282435765992,
            "weights": [
               -0.8599223699662978,
               0.896516709339177,
               0.006309831465884319,
               0.070301222777027
            ]
         }
      ]
   ]
}